{"discriminator-loss-DATASET": 5.581897634927822e-10, "_step": 20001, "_runtime": 19, "_timestamp": 1603356712, "generator-loss": 0.9998936720979744, "discriminator-loss-GENERATED": 4.771691439006769e-09}