{"discriminator-loss-DATASET": 3.986236981000501, "_step": 1, "_runtime": 6, "_timestamp": 1603356550, "generator-loss": 0.01653411459555988}