{"discriminator-loss-DATASET": 6.195301712398781e-10, "_step": 20001, "_runtime": 12, "_timestamp": 1603356415, "generator-loss": 0.9999995287747643, "discriminator-loss-GENERATED": 1.4207381636198483e-13}