{"discriminator-loss-DATASET": 5.54223493960343e-11, "_step": 19999, "_runtime": 13, "_timestamp": 1603355692, "generator-loss": 1.0000000063488494, "discriminator-loss-GENERATED": 5.864698678440015e-16}