{"discriminator-loss-DATASET": 7.910642698567464e-11, "_step": 20001, "_runtime": 15, "_timestamp": 1603356602, "generator-loss": 0.999999640961355, "discriminator-loss-GENERATED": 5.5857649160793167e-14}